"FirstName","LastName","Username","Department","Title"
"Olivia","Bennett","obennett","HR","Human Resources Associate"
"Ethan","Collins","ecollins","IT","Information Technology Specialist"
"Sophia","Mitchell","smitchell","Finance","Finance Associate"
"Noah","Parker","nparker","HR","Human Resources Associate"
"Isabella","Turner","iturner","IT","Information Technology Specialist"
"Liam","Foster","lfoster","Finance","Finance Associate"
"Mia","Hughes","mhughes","HR","Human Resources Associate"
"Jackson","Ward","jward","IT","Information Technology Specialist"
"Amelia","Ross","aross","Finance","Finance Associate"
"Lucas","Morgan","lmorgan","HR","Human Resources Associate"
"Harper","Bailey","hbailey","IT","Information Technology Specialist"
"Mason","Cooper","mcooper","Finance","Finance Associate"
"Evelyn","Brooks","ebrooks","HR","Human Resources Associate"
"Logan","Reed","lreed","IT","Information Technology Specialist"
"Abigail","Kelly","akelly","Finance","Finance Associate"
"Elijah","Howard","ehoward","HR","Human Resources Associate"
"Emily","Cox","ecox","IT","Information Technology Specialist"
"James","Rivera","jrivera","Finance","Finance Associate"
"Ella","Gray","egray","HR","Human Resources Associate"
"Benjamin","Cook","bcook","IT","Information Technology Specialist"
"Avery","Bell","abell","Finance","Finance Associate"
"Henry","Murphy","hmurphy","HR","Human Resources Associate"
"Scarlett","Price","sprice","IT","Information Technology Specialist"
"Daniel","Powell","dpowell","Finance","Finance Associate"
"Grace","Long","glong","HR","Human Resources Associate"
"Matthew","Perry","mperry","IT","Information Technology Specialist"
"Chloe","Bryant","cbryant","Finance","Finance Associate"
"Samuel","Russell","srussell","HR","Human Resources Associate"
"Victoria","Griffin","vgriffin","IT","Information Technology Specialist"
"David","Hayes","dhayes","Finance","Finance Associate"
"Riley","Myers","rmyers","HR","Human Resources Associate"
"Joseph","Ford","jford","IT","Information Technology Specialist"
"Nora","Hamilton","nhamilton","Finance","Finance Associate"
"Carter","Graham","cgraham","HR","Human Resources Associate"
"Lily","Sullivan","lsullivan","IT","Information Technology Specialist"
"Owen","Wallace","owallace","Finance","Finance Associate"
"Hannah","Woods","hwoods","HR","Human Resources Associate"
"Wyatt","Coleman","wcoleman","IT","Information Technology Specialist"
"Zoe","Jenkins","zjenkins","Finance","Finance Associate"
"Gabriel","Webb","gwebb","HR","Human Resources Associate"
"Layla","Hunter","lhunter","IT","Information Technology Specialist"
"Julian","Stone","jstone","Finance","Finance Associate"
"Natalie","Warren","nwarren","HR","Human Resources Associate"
"Isaac","Dean","idean","IT","Information Technology Specialist"
"Audrey","Fisher","afisher","Finance","Finance Associate"
"Caleb","Grant","cgrant","HR","Human Resources Associate"
"Savannah","Dunn","sdunn","IT","Information Technology Specialist"
"Nathan","Porter","nporter","Finance","Finance Associate"
"Brooklyn","Spencer","bspencer","HR","Human Resources Associate"
"Aaron","West","awest","IT","Information Technology Specialist"
